{
    "module1": {
        "questions": [
            {
                "question": "What is the output of 'println(\"Hello, World!\")'?",
                "options": ["Hello", "World", "Hello, World!", "Syntax Error"],
                "correctAnswer": "Hello, World!"
            }
        ]
    },
    "module2": {
        "questions": [
            {
                "question": "What function is used to print to the terminal?",
                "options": ["echo", "System.out.print", "println", "write"],
                "correctAnswer": "println"
            }
        ]
    },
    "module3": {
        "questions": [
            {
                "question": "What keyword is used for mutable variables in Kotlin?",
                "options": ["var", "val", "let", "fun"],
                "correctAnswer": "var"
            }
        ]
    },
    "module4": {
        "questions": [
            {
                "question": "Which type is used for decimal numbers?",
                "options": ["Int", "Double", "Boolean", "Char"],
                "correctAnswer": "Double"
            }
        ]
    },
    "module5": {
        "questions": [
            {
                "question": "Which operator is used for addition?",
                "options": ["+", "-", "*", "/"],
                "correctAnswer": "+"
            }
        ]
    },
    "module6": {
        "questions": [
            {
                "question": "Which statement is used for conditional execution?",
                "options": ["if", "for", "while", "do"],
                "correctAnswer": "if"
            }
        ]
    },
    "module7": {
        "questions": [
            {
                "question": "Which keyword defines a function?",
                "options": ["function", "fun", "def", "method"],
                "correctAnswer": "fun"
            }
        ]
    },
    "module8": {
        "questions": [
            {
                "question": "What is the keyword for defining a class?",
                "options": ["class", "object", "fun", "method"],
                "correctAnswer": "class"
            }
        ]
    },
    "module9": {
        "questions": [
            {
                "question": "Which keyword is used for class inheritance?",
                "options": ["super", "extends", "override", "open"],
                "correctAnswer": "extends"
            }
        ]
    },
    "module10": {
        "questions": [
            {
                "question": "Which design principle does composition follow?",
                "options": ["is-a", "has-a", "can-do", "belongs-to"],
                "correctAnswer": "has-a"
            }
        ]
    },
    "module11": {
        "questions": [
            {
                "question": "What is the main difference between traits and abstract classes?",
                "options": ["Multiple inheritance", "Single inheritance", "No inheritance", "Method inheritance"],
                "correctAnswer": "Multiple inheritance"
            }
        ]
    }
}
